<application>
  <component name="ProjectJdkTable">
    <jdk version="2">
      <name value="Python 3.7 (MyFirstPython)" />
      <type value="Python SDK" />
      <version value="Python 3.7.1" />
      <homePath value="D:\Users\frank\MyFirstPython\venv\Scripts\python.exe" />
      <roots>
        <classPath>
          <root type="composite">
            <root url="file://D:/Programs/Python/Python37/DLLs" type="simple" />
            <root url="file://D:/Programs/Python/Python37/Lib" type="simple" />
            <root url="file://D:/Programs/Python/Python37" type="simple" />
            <root url="file://D:/Users/frank/MyFirstPython/venv" type="simple" />
            <root url="file://D:/Users/frank/MyFirstPython/venv/Lib/site-packages" type="simple" />
            <root url="jar://D:/Users/frank/MyFirstPython/venv/Lib/site-packages/setuptools-39.1.0-py3.7.egg!/" type="simple" />
            <root url="file://D:/Users/frank/MyFirstPython/venv/Lib/site-packages/pip-10.0.1-py3.7.egg" type="simple" />
            <root url="file://$USER_HOME$/.PyCharm2019.2/system/python_stubs/1018445139" type="simple" />
            <root url="file://$APPLICATION_HOME_DIR$/helpers/python-skeletons" type="simple" />
            <root url="file://$APPLICATION_HOME_DIR$/helpers/typeshed/stdlib/3" type="simple" />
            <root url="file://$APPLICATION_HOME_DIR$/helpers/typeshed/stdlib/2and3" type="simple" />
            <root url="file://$APPLICATION_HOME_DIR$/helpers/typeshed/third_party/3" type="simple" />
            <root url="file://$APPLICATION_HOME_DIR$/helpers/typeshed/third_party/2and3" type="simple" />
          </root>
        </classPath>
        <sourcePath>
          <root type="composite" />
        </sourcePath>
      </roots>
      <additional ASSOCIATED_PROJECT_PATH="D:/Users/frank/MyFirstPython" />
    </jdk>
  </component>
</application>